"0","full_df$apoe <- as.factor(full_df$apoe)"
"0","levels(full_df$apoe)"
"1","[1]"
"1"," ""E2/E3"""
"1"," ""E3/E3"""
"1"," ""E3/E4"""
"1"," ""E4/E4"""
"1","
"
"0","full_df$bin1 <- as.factor(full_df$bin1)"
"0","levels(full_df$bin1)"
"1","[1]"
"1"," ""A/A"""
"1"," ""A/G"""
"1"," ""G/G"""
"1","
"
"0","full_df$clu <- as.factor(full_df$clu)"
"0","levels(full_df$clu)"
"1","[1]"
"1"," ""C/C"""
"1"," ""C/T"""
"1"," ""T/T"""
"1","
"
"0","full_df$abca7 <- as.factor(full_df$abca7)"
"0","levels(full_df$abca7)"
"1","[1]"
"1"," ""G/G"""
"1"," ""G/T"""
"1"," ""T/T"""
"1","
"
"0","full_df$cr1 <- as.factor(full_df$cr1)"
"0","levels(full_df$cr1)"
"1","[1]"
"1"," ""A/A"""
"1"," ""A/G"""
"1"," ""G/G"""
"1","
"
"0","full_df$picalm <- as.factor(full_df$picalm)"
"0","levels(full_df$picalm)"
"1","[1]"
"1"," ""C/C"""
"1"," ""C/T"""
"1"," ""T/T"""
"1","
"
